year,tag,count
2007,yellow,116
2007,xti,66
2007,hero,52
2007,lgbt,156
2007,golden,76
2007,music,685
2007,glass,74
2007,travel,922
2007,hot,139
2007,financial,282
2007,cathedral,240
2007,sml,335
2007,engagement,59
2007,tree,164
2007,second,51
2007,nations,166
2007,greene,57
2007,fair,72
2007,wtc,236
2007,roller,170
2007,union,190
2007,life,246
2007,memorial,300
2007,d70s,54
2007,projects,77
2007,east,1583
2007,crowd,135
2007,people,642
2007,billboard,56
2007,for,141
2007,fox,64
2007,creative,68
2007,honeymoon,54
2007,panorama,59
2007,nova,112
2007,juvenile,137
2007,time,115
2007,subway,425
2007,sign,209
2007,greenpoint,271
2007,fifth,153
2007,vanderbilt,162
2007,viaje,60
2007,love,83
2007,sky,351
2007,oldham,59
2007,awesome,60
2007,winter,294
2007,natural,250
2007,st,203
2007,years,74
2007,unidos,87
2007,square,1649
2007,open,79
2007,city,7731
2007,2,54
2007,prospect,194
2007,zoo,152
2007,walking,59
2007,cherry,59
2007,skyline,688
2007,xmas,68
2007,screen,183
2007,jets,96
2007,mccain,85
2007,boat,286
2007,west,719
2007,photos,67
2007,canon,588
2007,summer,270
2007,traffic,81
2007,world,364
2007,exchange,85
2007,divine,134
2007,911,68
2007,power,105
2007,image,208
2007,queensboro,62
2007,october,168
2007,at,78
2007,cream,51
2007,tv,193
2007,to,114
2007,labor,134
2007,24th,63
2007,richard,71
2007,clock,74
2007,november,136
2007,seagull,55
2007,beautiful,55
2007,staten,81
2007,states,1387
2007,plant,76
2007,register,567
2007,signs,64
2007,highway,178
2007,preservation,279
2007,colirrojo,245
2007,aveb,76
2007,saint,76
2007,theater,102
2007,obama,103
2007,graffiti,205
2007,brooklyn,3268
2007,giants,57
2007,river,1273
2007,set,54
2007,sea,111
2007,project,79
2007,50th,132
2007,drunk,87
2007,church,262
2007,fire,133
2007,knitting,55
2007,spring,188
2007,k800i,164
2007,bw,129
2007,santa,72
2007,by,96
2007,atlantic,91
2007,pacific,87
2007,line,338
2007,us,1724
2007,un,137
2007,aerial,93
2007,intrepid,66
2007,flatbush,87
2007,results,60
2007,coolpix,124
2007,young,165
2007,garden,357
2007,eve,97
2007,ues,157
2007,indian,56
2007,bird,345
2007,lee,233
2007,les,79
2007,derby,170
2007,d80,80
2007,zip,57
2007,baby,72
2007,animals,52
2007,high,248
2007,morningside,290
2007,hawk,248
2007,dock,146
2007,presidential,87
2007,amerika,60
2007,architecture,794
2007,david,67
2007,nyse,71
2007,festival,229
2007,thanksgiving,228
2007,painting,123
2007,hope,135
2007,outsider,51
2007,cbs,72
2007,paul,67
2007,five,112
2007,pier,285
2007,terminal,131
2007,ballot,61
2007,construction,106
2007,places,577
2007,monument,65
2007,matt,65
2007,eos,56
2007,gardens,173
2007,closeup,83
2007,cmj,117
2007,7th,316
2007,celebration,123
2007,study,81
2007,sarah,83
2007,work,108
2007,egyptian,87
2007,pizza,101
2007,dumbo,329
2007,greek,74
2007,green,202
2007,office,63
2007,band,92
2007,train,214
2007,network,63
2007,timothy,108
2007,john,333
2007,dogs,200
2007,amnh,89
2007,jamaicensis,242
2007,dj,67
2007,de,80
2007,lexington,89
2007,bushwick,105
2007,kitchen,59
2007,vogel,107
2007,the,1600
2007,photo,284
2007,plasma,51
2007,maya,52
2007,night,749
2007,security,105
2007,columbus,136
2007,war,113
2007,mta,111
2007,dance,97
2007,12th,333
2007,upper,555
2007,change,69
2007,denise,51
2007,ancient,91
2007,market,177
2007,live,486
2007,club,111
2007,car,82
2007,cat,53
2007,cab,60
2007,heart,72
2007,december,163
2007,lounge,140
2007,rooftop,51
2007,window,110
2007,hall,288
2007,james,74
2007,cars,85
2007,rebel,95
2007,panoramic,85
2007,ggrd,98
2007,friend,57
2007,flowers,124
2007,television,156
2007,price,63
2007,america,1383
2007,sunset,239
2007,ground,199
2007,timessquare,115
2007,concert,486
2007,vacances,61
2007,avenue,1248
2007,skyscraper,417
2007,installation,95
2007,nikon,610
2007,gowanus,62
2007,botanic,219
2007,chinatown,241
2007,taxi,102
2007,neon,96
2007,central,1491
2007,los,57
2007,you,74
2007,pool,120
2007,building,1511
2007,fitsum,92
2007,streets,59
2007,advertising,73
2007,family,150
2007,toys,51
2007,history,358
2007,a,155
2007,reservoir,56
2007,food,406
2007,todd,77
2007,columbia,275
2007,event,138
2007,fountain,88
2007,7,52
2007,drink,64
2007,pub,68
2007,americas,67
2007,american,448
2007,station,330
2007,lic,57
2007,hotel,288
2007,rockefeller,465
2007,circle,417
2007,trees,166
2007,chimney,99
2007,portrait,195
2007,league,55
2007,jeff,95
2007,battery,260
2007,grant,57
2007,bombshells,62
2007,grand,456
2007,composition,83
2007,42nd,373
2007,cityscape,58
2007,march,71
2007,parade,997
2007,28th,101
2007,block,67
2007,authority,217
2007,chelsea,350
2007,titi,63
2007,manhattan,6822
2007,ge,79
2007,barbecue,186
2007,g5,84
2007,michael,71
2007,newyork,1656
2007,faeries,80
2007,chang,53
2007,wii,52
2007,cloud,57
2007,hudson,652
2007,camera,112
2007,halloween,655
2007,cruise,218
2007,auto,280
2007,hands,53
2007,university,233
2007,times,920
2007,man,204
2007,photograph,179
2007,gallery,179
2007,snapshot,176
2007,state,1118
2007,flickr,161
2007,stati,55
2007,police,146
2007,jersey,693
2007,kings,74
2007,party,1213
2007,reflection,101
2007,riverside,261
2007,historic,1115
2007,lincoln,64
2007,library,236
2007,peter,73
2007,washington,233
2007,museum,1999
2007,inspiration,55
2007,north,99
2007,fledgling,115
2007,star,71
2007,friends,352
2007,10d,144
2007,lights,226
2007,new,19906
2007,men,124
2007,met,271
2007,chrysler,260
2007,newyorkcity,679
2007,campaign,64
2007,county,128
2007,landscape,69
2007,army,248
2007,bike,276
2007,supporters,64
2007,ward,57
2007,room,51
2007,roof,185
2007,president,86
2007,crew,86
2007,meat,65
2007,side,778
2007,vote,87
2007,foto,171
2007,stewart,67
2007,hook,161
2007,girls,155
2007,guggenheim,134
2007,modern,287
2007,49th,127
2007,powershot,126
2007,dog,630
2007,dow,51
2007,monica,76
2007,colorful,75
2007,christopher,58
2007,bar,409
2007,bay,389
2007,7,68
2007,buteo,242
2007,commission,255
2007,cane,83
2007,metropolitan,542
2007,ii,51
2007,in,253
2007,gothamist,1071
2007,iorque,58
2007,game,55
2007,javits,63
2007,mckim,59
2007,valentines,76
2007,magazine,90
2007,fireworks,168
2007,ship,251
2007,digital,89
2007,jones,59
2007,daily,78
2007,madison,235
2007,mile,91
2007,democrat,62
2007,run,59
2007,international,343
2007,institute,84
2007,downtown,511
2007,pink,51
2007,nyu,109
2007,nyc,11403
2007,designer,51
2007,may,110
2007,6th,235
2007,african,73
2007,shoes,53
2007,terrace,126
2007,group,117
2007,finance,51
2007,artist,458
2007,rock,420
2007,girl,122
2007,living,64
2007,long,389
2007,broadcast,74
2007,11,94
2007,17,63
2007,midtown,886
2007,dimaggio,215
2007,performance,63
2007,theatre,112
2007,queens,589
2007,shop,59
2007,show,714
2007,black,279
2007,sigma18200,170
2007,august,55
2007,tour,458
2007,improv,75
2007,arts,74
2007,mark,122
2007,mary,104
2007,shopping,66
2007,rally,56
2007,macro,72
2007,gates,125
2007,docks,139
2007,ellis,184
2007,drums,71
2007,island,995
2007,road,53
2007,vacation,479
2007,uptown,222
2007,general,145
2007,chris,92
2007,bowery,63
2007,fall,152
2007,zero,190
2007,abc,69
2007,public,256
2007,ohny,67
2007,christo,107
2007,meatwave,252
2007,storefront,58
2007,transit,80
2007,karaoke,77
2007,town,64
2007,roosevelt,108
2007,bloom,54
2007,handheld,52
2007,house,369
2007,seaport,136
2007,mma,112
2007,5th,632
2007,park,3169
2007,etsy,61
2007,thomas,64
2007,giant,118
2007,tompkins,201
2007,aircraft,64
2007,restaurant,188
2007,gay,234
2007,fun,98
2007,flags,77
2007,landmark,921
2007,howl,66
2007,hastings,63
2007,apple,588
2007,cup,69
2007,big,325
2007,decision,60
2007,costumes,157
2007,cafe,86
2007,socrates,67
2007,2006,937
2007,2007,2636
2007,2004,143
2007,2005,334
2007,2008,59
2007,2009,51
2007,netneutrality,64
2007,30,102
2007,astoria,393
2007,nypd,98
2007,williamsburg,500
2007,stock,64
2007,buildings,227
2007,la,64
2007,eua,62
2007,day,650
2007,february,102
2007,poppins,63
2007,red,329
2007,south,275
2007,xurde,53
2007,gear,83
2007,mccarren,73
2007,charles,51
2007,colbert,125
2007,photography,373
2007,fixed,96
2007,costume,315
2007,national,1000
2007,brunt,65
2007,bull,74
2007,landmarks,276
2007,borroughs,172
2007,center,833
2007,nrhp,264
2007,journalist,82
2007,esb,224
2007,kristin,111
2007,female,51
2007,bus,201
2007,glory,101
2007,skating,105
2007,s50,94
2007,pride,389
2007,school,98
2007,street,1865
2007,blue,232
2007,liberty,527
2007,blur,63
2007,studio,155
2007,leaves,51
2007,museums,109
2007,york,19469
2007,me,250
2007,dolphin,139
2007,estats,100
2007,usa06,119
2007,harlem,521
2007,victory,61
2007,saturday,59
2007,gop,63
2007,independence,58
2007,days,82
2007,nhl,195
2007,mercury,87
2007,revival,60
2007,top,187
2007,heights,373
2007,tom,56
2007,urban,351
2007,bridge,1301
2007,fashion,91
2007,rai,61
2007,snow,222
2007,metal,117
2007,radio,104
2007,wedding,99
2007,report,62
2007,34th,80
2007,estados,87
2007,iconnicholson,53
2007,d50,381
2007,news,99
2007,conference,117
2007,beer,119
2007,craft,88
2007,ccny,74
2007,ocean,60
2007,greenwich,287
2007,election,122
2007,ice,161
2007,cnn,70
2007,christmas,355
2007,delviscio,91
2007,trip,272
2007,no,114
2007,picture,209
2007,football,158
2007,clouds,107
2007,pork,59
2007,port,386
2007,water,398
2007,rarrr,99
2007,baseball,123
2007,matters2me,64
2007,deitch,111
2007,d70,72
2007,sports,68
2007,msg,77
2007,rockfeller,54
2007,autumn,98
2007,ferry,324
2007,trump,84
2007,razak,71
2007,1,54
2007,ballroom,62
2007,birthday,497
2007,moma,489
2007,factory,76
2007,eagle,61
2007,place,77
2007,george,69
2007,district,378
2007,white,274
2007,and,671
2007,marathon,95
2007,gotham,112
2007,soho,449
2007,hoboken,184
2007,trade,214
2007,picnic,61
2007,college,148
2007,sudduth,66
2007,itp,129
2007,guitar,76
2007,color,143
2007,polo,170
2007,poll,61
2007,events,108
2007,nj,205
2007,statue,624
2007,ny,4603
2007,blog,69
2007,tower,102
2007,on,105
2007,nyc2006,71
2007,of,2790
2007,politics,109
2007,5,57
2007,flower,113
2007,chinese,87
2007,apartment,236
2007,woman,108
2007,sony,80
2007,design,200
2007,nbc,81
2007,sun,104
2007,flag,116
2007,september,172
2007,hill,117
2007,radical,80
2007,metlife,56
2007,store,284
2007,i,89
2007,nycpb,113
2007,skyscrapers,99
2007,electric,71
2007,urlaub,68
2007,art,2214
2007,nyclpc,257
2007,maxwells,72
2007,village,888
2007,cisc1970,60
2007,brick,57
2007,aia150,102
2007,holidays,76
2007,lower,390
2007,exhibition,60
2007,nueva,135
2007,plaza,389
2007,crane,68
2007,rainbow,58
2007,nick,58
2007,bryant,156
2007,unionsquare,55
2007,folk,70
2007,sexy,79
2007,metro,79
2007,streetart,114
2007,usa,3250
2007,united,1565
2007,brownstone,99
2007,light,195
2007,orange,74
2007,holiday,422
2007,republican,65
2007,4th,127
2007,july,275
2007,sculpture,477
2007,broadway,389
2007,bagel,56
2007,chicken,54
2007,view,281
2007,joy,79
2007,joe,230
2007,april,54
2007,bronx,113
2007,wall,225
2007,walk,54
2007,bbg,68
2007,bbq,296
2007,mike,75
2007,tribeca,93
2007,gothic,84
2007,ave,633
2007,uniti,54
2007,units,100
2007,happiness,81
2007,empire,1038
2007,van,136
2007,centralpark,201
2007,june,79
2009,cooking,146
2009,china,57
2009,kids,89
2009,golden,313
2009,music,2248
2009,yahoo,57
2009,travel,1264
2009,dinosaurs,69
2009,cameraphone,246
2009,service,51
2009,singer,69
2009,flowers,372
2009,nature,206
2009,aiga,109
2009,union,544
2009,dave,102
2009,memorial,530
2009,hat,136
2009,shadow,104
2009,masonic,55
2009,alice,60
2009,crowd,206
2009,fish,90
2009,honeymoon,62
2009,verdi,74
2009,roll,57
2009,corps,76
2009,ballet,65
2009,ground,205
2009,texture,57
2009,rutherford,65
2009,manga,74
2009,years,119
2009,suspension,56
2009,one,155
2009,borough,98
2009,zoo,187
2009,goodman,54
2009,mayes,85
2009,skyscraper,473
2009,awards,95
2009,s,73
2009,west,1524
2009,photos,221
2009,technology,95
2009,otto,697
2009,traffic,127
2009,world,718
2009,divine,191
2009,911,63
2009,with,212
2009,dirty,62
2009,cream,100
2009,nrhp,189
2009,puppy,113
2009,clock,69
2009,november,334
2009,door,97
2009,company,82
2009,scott,77
2009,signs,280
2009,preservation,166
2009,saint,161
2009,theater,303
2009,graffiti,463
2009,self,58
2009,sunny,67
2009,project,289
2009,30,86
2009,cuisine,96
2009,rangers,104
2009,couple,91
2009,atlantic,124
2009,intrepid,348
2009,nypd,218
2009,uploaded,70
2009,harbor,196
2009,video,126
2009,derby,792
2009,d80,309
2009,next,59
2009,baby,93
2009,comedy,64
2009,amerika,361
2009,morningside,232
2009,houston,222
2009,glasses,51
2009,books,63
2009,scene,129
2009,leica,58
2009,festival,806
2009,dishes,53
2009,thanksgiving,604
2009,jam,52
2009,web,161
2009,pier,261
2009,building,2292
2009,places,602
2009,exposure,130
2009,gardens,318
2009,poolparties,54
2009,cma,67
2009,sarah,63
2009,vilage,143
2009,dumbo,700
2009,arch,68
2009,production,56
2009,coffee,125
2009,l,97
2009,sled,69
2009,daniel,658
2009,timothy,68
2009,fence,81
2009,john,559
2009,dogs,371
2009,primavera,69
2009,historical,63
2009,portraits,150
2009,lexington,51
2009,kitchen,145
2009,gwnyc,81
2009,vogel,61
2009,hand,60
2009,wright,61
2009,night,1448
2009,caliper,67
2009,couture,73
2009,book,605
2009,wkc2010,63
2009,guessed,77
2009,lounge,338
2009,economy,86
2009,not,59
2009,yeah,89
2009,year,167
2009,rink,76
2009,america,2830
2009,taxi,305
2009,neon,156
2009,ps1,79
2009,regina,64
2009,assembly,63
2009,stars,264
2009,60d,59
2009,pool,161
2009,pub,71
2009,inspired,78
2009,advertising,86
2009,photoshop,54
2009,evening,93
2009,heavy,53
2009,7,68
2009,american,877
2009,blossom,73
2009,station,517
2009,charlotte,101
2009,rockefeller,709
2009,performers,118
2009,santacon,105
2009,culture,600
2009,portrait,654
2009,pictures,70
2009,league,107
2009,grand,682
2009,politic,57
2009,department,96
2009,manhattan,12792
2009,e,51
2009,wave,54
2009,michael,172
2009,camera,138
2009,costume,343
2009,university,443
2009,times,1581
2009,bokeh,72
2009,gallery,391
2009,cellphone,69
2009,cornerstonesnewyork,190
2009,tuesday,95
2009,party,1357
2009,riverside,99
2009,lincoln,116
2009,xsi,195
2009,dogshow,63
2009,library,292
2009,home,112
2009,north,617
2009,display,184
2009,education,54
2009,star,117
2009,men,177
2009,met,1242
2009,chrysler,231
2009,room,138
2009,roof,139
2009,foto,290
2009,governorsisland,59
2009,powershot,136
2009,maria,62
2009,commission,171
2009,dilworth,53
2009,magazine,59
2009,down,224
2009,weekend,132
2009,signage,75
2009,757,96
2009,ssir,95
2009,international,166
2009,agosto,52
2009,box,66
2009,shoes,60
2009,lunch,77
2009,first,52
2009,flatiron,183
2009,interior,57
2009,beta,89
2009,harlem,472
2009,sigma,215
2009,morning,171
2009,london,57
2009,august,163
2009,tour,386
2009,improv,63
2009,sound,75
2009,tourist,111
2009,alex,66
2009,olol,159
2009,banksy,56
2009,woman,361
2009,independence,188
2009,20th,94
2009,zero,198
2009,500d,91
2009,chrisgoldny,335
2009,meatwave,59
2009,bagwell,85
2009,karaoke,85
2009,numbers,54
2009,heights,479
2009,etsy,94
2009,urban,1300
2009,reflections,58
2009,restaurants,107
2009,restaurant,556
2009,point,87
2009,30mm,51
2009,cup,158
2009,easter,82
2009,highline,221
2009,cafe,134
2009,dessert,89
2009,packing,71
2009,westminsterkennelclub,63
2009,flat,51
2009,williamsburg,1166
2009,eua,156
2009,yard,51
2009,d200,167
2009,nuevayork,56
2009,hair,62
2009,hurricane,67
2009,female,67
2009,50mm,417
2009,school,444
2009,umbrella,83
2009,blue,464
2009,liberty,1353
2009,blur,65
2009,leaves,78
2009,museums,66
2009,ceremony,61
2009,40d,160
2009,days,74
2009,nhl,172
2009,bridge,2107
2009,colors,143
2009,wedding,623
2009,botanical,86
2009,estados,269
2009,news,104
2009,conference,235
2009,ocean,89
2009,cherry,96
2009,verguethen,79
2009,t1i,93
2009,dinner,311
2009,javits,220
2009,picture,410
2009,football,222
2009,clouds,222
2009,cloudy,65
2009,pork,68
2009,andy,79
2009,cornerstones,192
2009,jazz,120
2009,guitar,212
2009,eliasson,113
2009,andrew,66
2009,rocknroll,77
2009,statue,1159
2009,patrick,74
2009,tower,276
2009,moon,64
2009,grass,56
2009,carnegie,56
2009,apartment,214
2009,sue,54
2009,sun,125
2009,flag,264
2009,lighting,72
2009,avenue,1396
2009,soccer,118
2009,metropolitanmuseumofart,165
2009,retrievers,76
2009,hill,323
2009,storm,105
2009,store,403
2009,shrunken,178
2009,king,120
2009,nycpb,294
2009,skyscrapers,354
2009,architects,106
2009,cosplay,168
2009,sweet,95
2009,village,1501
2009,zombie,85
2009,3wny,60
2009,plaza,370
2009,xpo,92
2009,long,685
2009,rally,134
2009,rainbow,113
2009,peace,112
2009,nick,62
2009,posters,103
2009,foundry,135
2009,showcase,88
2009,explore,77
2009,moosehead,116
2009,450d,211
2009,from,111
2009,glee,69
2009,holiday,779
2009,jellynyc,93
2009,our,196
2009,out,114
2009,g,108
2009,fowd,67
2009,nikkor,420
2009,fear,60
2009,local,80
2009,hartwig,294
2009,jon,61
2009,april,249
2009,zuccotti,377
2009,buddhist,54
2009,carrier,153
2009,weather,110
2009,moblog,252
2009,canon70200f4l,66
2009,yellow,281
2009,deli,113
2009,military,90
2009,wind,183
2009,wine,115
2009,financial,325
2009,knitting,136
2009,sml,375
2009,engagement,83
2009,person,58
2009,professor,55
2009,lights,449
2009,fair,266
2009,best,128
2009,mccarrenpool,78
2009,life,280
2009,marathon,595
2009,masons,60
2009,gotham,691
2009,gridlock,163
2009,county,334
2009,people,2037
2009,for,783
2009,panorama,90
2009,happy,109
2009,subway,1028
2009,love,409
2009,webster,178
2009,winter,951
2009,bowling,59
2009,2,222
2009,future,149
2009,prospect,182
2009,madison,531
2009,hockey,244
2009,chrisgoldphoto,297
2009,xmas,67
2009,un,138
2009,jets,82
2009,vacation,428
2009,image,285
2009,parties,60
2009,bergen,68
2009,ad,55
2009,af,258
2009,at,182
2009,original,119
2009,candid,131
2009,dinosaur,66
2009,50d,212
2009,contrast,80
2009,action,147
2009,science,62
2009,beautiful,242
2009,staten,231
2009,autumn,197
2009,week,164
2009,highway,52
2009,imagine,75
2009,w,130
2009,fine,51
2009,colirrojo,51
2009,obama,153
2009,marriage,235
2009,play,69
2009,cover,498
2009,sex,83
2009,sea,142
2009,community,326
2009,fire,274
2009,lx3,118
2009,funny,59
2009,elevated,51
2009,be,79
2009,bk,91
2009,bw,288
2009,santa,85
2009,by,125
2009,wildlife,82
2009,occupy,806
2009,line,757
2009,walker,75
2009,coolpix,57
2009,garden,1444
2009,bird,352
2009,high,818
2009,animal,111
2009,ladies,54
2009,puerto,74
2009,david,210
2009,chrisgoldphotos,335
2009,steel,67
2009,ferry,290
2009,hope,120
2009,cw,58
2009,ball,64
2009,columbia,332
2009,dusk,87
2009,colour,67
2009,stage,54
2009,housing,77
2009,construction,285
2009,celebration,155
2009,piers,90
2009,macys,397
2009,egyptian,110
2009,boats,68
2009,greek,63
2009,green,490
2009,they,73
2009,40th,105
2009,dj,91
2009,de,209
2009,dc,129
2009,dx,260
2009,con,563
2009,rail,84
2009,kyle,82
2009,the,5012
2009,cosplayer,56
2009,diner,60
2009,fight,150
2009,physical,63
2009,handmade,75
2009,painting,424
2009,together,95
2009,reception,65
2009,flash,79
2009,anonymous,68
2009,eden,80
2009,hoops,68
2009,change,73
2009,terminal,281
2009,live,1814
2009,towers,72
2009,december,211
2009,pond,72
2009,court,104
2009,cold,81
2009,cole,53
2009,birds,89
2009,rooftop,122
2009,window,495
2009,hall,913
2009,concerts,196
2009,el,94
2009,ed,183
2009,ef,314
2009,amsterdam,181
2009,space,282
2009,shows,125
2009,rebel,606
2009,viajes,148
2009,angel,68
2009,breakfast,65
2009,sunset,424
2009,concert,839
2009,classic,67
2009,gowanus,95
2009,pointz,62
2009,media,322
2009,photowalk,74
2009,fruit,55
2009,lady,198
2009,gtrainwedding,180
2009,central,3264
2009,comics,86
2009,blackout,87
2009,food,1501
2009,eater,147
2009,pretty,95
2009,trees,276
2009,famous,74
2009,switzerland,71
2009,battery,344
2009,7d,59
2009,anthony,75
2009,bombshells,180
2009,cityscape,157
2009,barack,58
2009,march,607
2009,run,80
2009,heritage,114
2009,depth,72
2009,gt,72
2009,go,225
2009,kitty,51
2009,wftda,210
2009,9th,75
2009,newyork,2858
2009,lifestyle,57
2009,halloween,574
2009,sunday,272
2009,auto,450
2009,activism,65
2009,photograph,377
2009,ben,64
2009,exhibit,74
2009,brookyln,53
2009,envy,53
2009,nolita,65
2009,parkside,226
2009,flickr,261
2009,jersey,1769
2009,kicks,73
2009,reflection,272
2009,i,180
2009,historic,757
2009,botanicalgardens,59
2009,curbed,272
2009,protest,468
2009,new,50303
2009,never,57
2009,rights,89
2009,foliage,61
2009,murray,94
2009,cmj,67
2009,hook,246
2009,girls,672
2009,points,117
2009,metropolitan,2010
2009,is,312
2009,ii,430
2009,in,413
2009,waterfall,65
2009,yamamoto,695
2009,theatre,207
2009,fireworks,262
2009,fort,157
2009,pavilion,52
2009,ship,163
2009,digital,416
2009,usmc,52
2009,yummy,56
2009,transportation,129
2009,crazy,61
2009,pink,132
2009,cute,101
2009,smilebooth,116
2009,terrace,53
2009,pain,205
2009,cuban,177
2009,contemporary,131
2009,black,788
2009,reading,75
2009,jc,134
2009,arts,216
2009,middle,76
2009,same,66
2009,4,208
2009,canon10d,54
2009,island,1997
2009,strawberry,55
2009,field,175
2009,students,119
2009,17,78
2009,fall,409
2009,transit,178
2009,wfmu,76
2009,town,116
2009,roosevelt,170
2009,blood,56
2009,iphoto,99
2009,tiltviewer,67
2009,paint,107
2009,b,65
2009,thomas,92
2009,eeuu,363
2009,gramercy,65
2009,fun,210
2009,landmark,564
2009,dslr,70
2009,egypt,93
2009,pet,59
2009,homemade,79
2009,newmindspace,100
2009,knight,87
2009,mural,133
2009,fdny,118
2009,buildings,518
2009,le,72
2009,la,143
2009,red,895
2009,frank,308
2009,retriever,139
2009,walking,98
2009,center,1566
2009,musuem,55
2009,bench,72
2009,esb,54
2009,gwenflickr,53
2009,bus,192
2009,pilar,123
2009,pride,764
2009,street,4912
2009,westcoast,52
2009,studio,271
2009,me,231
2009,mm,355
2009,my,95
2009,end,53
2009,coding,57
2009,random,112
2009,sunglasses,103
2009,ohny,163
2009,365,248
2009,beef,56
2009,beer,151
2009,catholic,56
2009,bands,181
2009,cooper,129
2009,ice,303
2009,christmas,846
2009,head,214
2009,nj,518
2009,no,169
2009,ny,8374
2009,brenda,136
2009,weird,56
2009,1st,68
2009,d70,67
2009,msg,211
2009,chocolate,58
2009,d7k,78
2009,fauna,75
2009,equality,85
2009,opera,132
2009,convention,321
2009,hub,53
2009,and,1268
2009,pro,78
2009,joe,88
2009,color,415
2009,alphabet,56
2009,events,246
2009,model,250
2009,on,443
2009,of,6777
2009,taylor,124
2009,politics,60
2009,abandoned,84
2009,yaffa,53
2009,design,669
2009,chipmusic,80
2009,september,301
2009,might,70
2009,chrisgold,335
2009,cisc1970,181
2009,brick,103
2009,lower,611
2009,dancing,101
2009,pillow,88
2009,exhibition,78
2009,nueva,1070
2009,canal,76
2009,steve,158
2009,bryant,404
2009,south,250
2009,sexy,94
2009,roccocell,58
2009,httpcornerstonestumblrcom,72
2009,usa,7365
2009,usm,425
2009,musician,88
2009,united,4613
2009,orange,178
2009,molly,61
2009,van,185
2009,d300,296
2009,dorothy,63
2009,cake,97
2009,bronx,229
2009,table,53
2009,les,169
2009,ave,307
2009,cross,64
2009,fighting,69
2009,ows,482
2009,lumix,187
2009,lgbt,197
2009,livemusic,86
2009,italy,85
2009,series,102
2009,foundation,75
2009,basketball,245
2009,tree,358
2009,camp,69
2009,brookly,145
2009,country,63
2009,stadium,131
2009,sleeps,52
2009,google,71
2009,sox,108
2009,nova,169
2009,sign,458
2009,greenpoint,238
2009,election,139
2009,mela,64
2009,awesome,69
2009,natural,752
2009,sq,79
2009,st,664
2009,museo,86
2009,square,3115
2009,open,275
2009,city,20745
2009,typography,105
2009,lawn,56
2009,drive,85
2009,screen,51
2009,dark,106
2009,october,327
2009,adam,90
2009,tv,110
2009,to,390
2009,th,140
2009,register,420
2009,castle,76
2009,crop,93
2009,rain,197
2009,gold,57
2009,banner,172
2009,church,686
2009,squirrel,59
2009,concrete,102
2009,kelly,82
2009,spring,549
2009,clinton,100
2009,poster,74
2009,up,94
2009,us,1574
2009,fresh,62
2009,young,174
2009,eve,149
2009,richmond,190
2009,blipfestival,68
2009,challenge,94
2009,native,56
2009,hawk,212
2009,decay,75
2009,2011,2980
2009,2010,3497
2009,stock,71
2009,linda,87
2009,korean,57
2009,face,92
2009,400d,157
2009,ucb,55
2009,labor,238
2009,runway,97
2009,vr,266
2009,drawing,59
2009,cedar,57
2009,irish,92
2009,ing,214
2009,mansion,73
2009,bike,236
2009,jacob,83
2009,dwhartwig,98
2009,d700,182
2009,beach,78
2009,pizza,161
2009,santarchy,90
2009,japan,808
2009,band,1241
2009,bank,78
2009,rocks,277
2009,d40,304
2009,delicious,56
2009,powershotsd950,70
2009,streets,237
2009,fisheye,130
2009,jamaicensis,178
2009,bushwick,160
2009,meadowlands,109
2009,we,98
2009,fest,74
2009,air,148
2009,photo,764
2009,illustration,67
2009,post,200
2009,war,194
2009,computing,59
2009,sunnyside,90
2009,poisson,64
2009,graphic,64
2009,car,224
2009,cat,214
2009,can,104
2009,cab,163
2009,heart,66
2009,clothing,70
2009,january,96
2009,album,330
2009,looking,56
2009,cars,116
2009,card,58
2009,british,60
2009,ggrd,395
2009,national,902
2009,slam,77
2009,mashable,70
2009,fifth,281
2009,stained,52
2009,guesswherenyc,147
2009,timessquare,85
2009,installation,184
2009,nikon,2617
2009,botanic,645
2009,chinatown,382
2009,orientation,170
2009,hackathon,66
2009,manhatten,121
2009,volkswagen,51
2009,wolf,60
2009,low,72
2009,family,286
2009,toys,55
2009,history,872
2009,crafts,59
2009,horse,53
2009,jeff,139
2009,unitedstates,58
2009,42nd,66
2009,game,115
2009,journalism,78
2009,chelsea,740
2009,boots,69
2009,alvaro,135
2009,nycguessed,123
2009,paintings,73
2009,hudson,787
2009,bakery,51
2009,hands,56
2009,nyaf,314
2009,icff,149
2009,snapshot,154
2009,kings,203
2009,sara,78
2009,underground,83
2009,wallstreet,121
2009,freedom,72
2009,washington,338
2009,eat,85
2009,friends,403
2009,asian,65
2009,10d,84
2009,delancey,64
2009,105,72
2009,newyorkcity,1967
2009,warm,56
2009,punk,647
2009,meat,139
2009,roast,56
2009,navy,145
2009,patricks,75
2009,olafur,107
2009,modern,579
2009,mind,53
2009,don,73
2009,dof,68
2009,dog,660
2009,monica,721
2009,coast,418
2009,architecture,903
2009,voyage,89
2009,8,53
2009,9,217
2009,make,56
2009,gothamist,2471
2009,vendy,53
2009,human,70
2009,character,67
2009,musique,72
2009,interestingness,51
2009,shoot,96
2009,viagem,71
2009,staaten,208
2009,map,68
2009,may,137
2009,mac,64
2009,mad,64
2009,man,374
2009,rock,1134
2009,jackson,106
2009,3rd,57
2009,sensor,78
2009,cheese,76
2009,little,152
2009,eyes,61
2009,11,284
2009,10,74
2009,midtown,1175
2009,monochrome,51
2009,allison,85
2009,shop,137
2009,shot,63
2009,show,1931
2009,corner,61
2009,workshop,71
2009,macro,144
2009,money,66
2009,ellis,342
2009,comicon,172
2009,qns,77
2009,general,130
2009,film,296
2009,chris,641
2009,emily,135
2009,larryosan,55
2009,public,639
2009,rican,63
2009,two,51
2009,canon,3007
2009,24,54
2009,27,164
2009,28,88
2009,association,146
2009,hard,85
2009,seaport,218
2009,park,6432
2009,physcomp,59
2009,8,94
2009,tompkins,125
2009,quintana,134
2009,fans,91
2009,35mm,136
2009,facade,79
2009,swiss,52
2009,gardening,77
2009,mirror,62
2009,steven,104
2009,immigration,85
2009,boys,58
2009,recreation,61
2009,queer,80
2009,3g,75
2009,3d,61
2009,exchange,56
2009,blizzard,177
2009,train,303
2009,democracy,73
2009,february,105
2009,matt,121
2009,iphoneography,72
2009,d90,243
2009,parks,87
2009,pattern,69
2009,bull,107
2009,sullivan,64
2009,italian,62
2009,authority,69
2009,vegetables,62
2009,skating,81
2009,45,67
2009,jack,99
2009,bicycle,139
2009,poolparty,56
2009,hospital,79
2009,fortgreene,81
2009,mayhem,140
2009,boxing,60
2009,reenactment,65
2009,tourism,88
2009,shadows,84
2009,top,369
2009,tom,171
2009,10th,128
2009,snow,771
2009,radio,277
2009,lodge,109
2009,lightroom,81
2009,greenwich,591
2009,5d,313
2009,croftonbloghouse,64
2009,civic,118
2009,civil,155
2009,occupywallstreet,169
2009,delviscio,84
2009,cool,77
2009,peeps,137
2009,sports,223
2009,iphone,1092
2009,states,4280
2009,photojournalism,117
2009,1,116
2009,place,162
2009,district,655
2009,cyberhead,57
2009,soho,388
2009,college,193
2009,pop,81
2009,eatery,69
2009,actress,76
2009,rose,129
2009,ross,65
2009,furniture,59
2009,kennedy,142
2009,matsuri,285
2009,nightlife,286
2009,all,249
2009,chinese,124
2009,thursday,53
2009,magnolia,73
2009,semester,87
2009,obon,175
2009,emry,83
2009,hotel,467
2009,outdoors,112
2009,reise,67
2009,nyclpc,159
2009,water,660
2009,roman,80
2009,plants,149
2009,panasonic,210
2009,holidays,162
2009,vendor,61
2009,vereinigte,208
2009,peter,90
2009,remix,54
2009,5pointz,55
2009,brian,68
2009,light,550
2009,flea,55
2009,ballroom,225
2009,ipod,62
2009,birthday,261
2009,july,479
2009,angle,142
2009,class,93
2009,waldorf,66
2009,piano,90
2009,europa,60
2009,wall,1262
2009,walk,192
2009,mike,220
2009,tribeca,206
2009,uniti,57
2009,smith,96
2009,14th,72
2009,bergdorf,52
2009,jenny,118
2009,xti,163
2009,second,102
2009,glass,225
2009,hot,203
2009,cathedral,288
2009,cornerstone,196
2009,tokina,76
2009,musicians,154
2009,nations,192
2009,boston,99
2009,greene,189
2009,vacaciones,87
2009,wtc,296
2009,roller,838
2009,2nd,65
2009,eastern,52
2009,irving,51
2009,projects,52
2009,east,2201
2009,old,347
2009,85mm,149
2009,creative,204
2009,snowpocalypse,62
2009,time,261
2009,slope,195
2009,alone,119
2009,truck,127
2009,eastvillage,90
2009,waterfront,234
2009,williams,62
2009,picnik,168
2009,sale,356
2009,nyaf2009,71
2009,prime,78
2009,artist,139
2009,skyline,990
2009,boat,248
2009,summer,627
2009,stone,110
2009,side,1138
2009,essex,77
2009,mariage,79
2009,philadelphia,105
2009,groom,61
2009,smile,58
2009,fashion,335
2009,richard,108
2009,social,200
2009,bedford,254
2009,male,77
2009,dress,83
2009,plant,80
2009,trade,357
2009,broadway,713
2009,itp,440
2009,alli,59
2009,monicamuller,145
2009,blues,74
2009,stairs,66
2009,ues,63
2009,brooklyn,8264
2009,wayne,103
2009,giants,260
2009,river,1155
2009,movie,63
2009,mlb,81
2009,temple,101
2009,custom,98
2009,aerial,53
2009,indian,147
2009,great,80
2009,charity,53
2009,animals,188
2009,this,60
2009,christopher,61
2009,motorcycle,57
2009,society,114
2009,paul,88
2009,monument,147
2009,makerbot,77
2009,eos,931
2009,hackny,57
2009,chapel,127
2009,7th,95
2009,work,85
2009,indie,172
2009,uws,92
2009,lab,61
2009,law,56
2009,office,180
2009,meets,59
2009,iorque,131
2009,comic,891
2009,rated,67
2009,iron,70
2009,amnh,224
2009,farley,83
2009,ncaa,75
2009,sakura,306
2009,photographer,108
2009,vinciane,79
2009,columbus,138
2009,d60,83
2009,dead,82
2009,mta,247
2009,abstract,68
2009,dance,515
2009,brown,85
2009,vegan,57
2009,sidewalk,136
2009,upper,767
2009,rouge,77
2009,t2i,194
2009,market,328
2009,club,325
2009,fulton,120
2009,james,216
2009,marine,92
2009,tennis,98
2009,that,70
2009,unidos,291
2009,3,94
2009,cycling,53
2009,business,91
2009,your,75
2009,you,92
2009,ciudad,98
2009,a,288
2009,event,820
2009,fountain,138
2009,cornerstonesny,183
2009,bride,88
2009,lic,125
2009,promenade,53
2009,mobile,255
2009,performances,105
2009,clear,69
2009,circle,179
2009,x,112
2009,yankees,169
2009,buteo,182
2009,parade,1681
2009,block,175
2009,william,91
2009,barbecue,182
2009,plays,86
2009,control,64
2009,cruise,91
2009,playground,77
2009,geometry,55
2009,tourists,52
2009,goldberg,356
2009,50,79
2009,state,1548
2009,stati,57
2009,police,237
2009,chalk,54
2009,balloon,67
2009,martin,380
2009,twitter,62
2009,artists,59
2009,museum,5582
2009,armory,71
2009,nycc,362
2009,commons,148
2009,japanese,773
2009,project365,204
2009,landscape,348
2009,army,75
2009,flora,133
2009,carnival,65
2009,lesbian,123
2009,g11,104
2009,deco,92
2009,deck,68
2009,guggenheim,217
2009,colorful,126
2009,bar,722
2009,bay,120
2009,sushi,68
2009,governors,361
2009,zagat,63
2009,gigi4791,117
2009,photobooth,118
2009,performance,479
2009,super,65
2009,queens,1238
2009,stages,60
2009,covers,151
2009,mile,204
2009,themet,107
2009,figment,109
2009,french,131
2009,institute,196
2009,downtown,651
2009,nyu,286
2009,nyc,26050
2009,nye,128
2009,6th,54
2009,irene,78
2009,girl,318
2009,living,69
2009,marc,92
2009,mark,354
2009,mary,81
2009,shopping,99
2009,hdr,325
2009,frisket,138
2009,running,69
2009,mom,58
2009,railroad,73
2009,road,138
2009,children,100
2009,bowery,374
2009,celebrity,54
2009,neighborhood,65
2009,tribute,62
2009,movement,92
2009,good,85
2009,house,395
2009,flower,168
2009,botany,70
2009,5th,339
2009,11th,99
2009,aircraft,185
2009,blip11,64
2009,annual,130
2009,galapagos,97
2009,flags,68
2009,apple,1331
2009,big,1262
2009,spektor,59
2009,costumes,138
2009,graduation,53
2009,uss,139
2009,lens,102
2009,2008,1917
2009,2009,2300
2009,jason,80
2009,atlas,51
2009,chicago,124
2009,astoria,415
2009,tunnel,167
2009,foodporn,91
2009,lines,101
2009,day,1581
2009,d7000,212
2009,ipad,60
2009,clintonhill,68
2009,demonstration,77
2009,mccarren,118
2009,photography,1825
2009,stripes,181
2009,landmarks,186
2009,seth,88
2009,lake,145
2009,nfl,88
2009,glory,148
2009,j,53
2009,pic,96
2009,pig,56
2009,8th,105
2009,pillowfight,56
2009,phone,226
2009,henry,83
2009,meatpacking,148
2009,metmuseum,66
2009,free,207
2009,industrial,73
2009,mercury,56
2009,raw,446
2009,metal,301
2009,queen,54
2009,earth,117
2009,34th,61
2009,faces,57
2009,craft,76
2009,trip,805
2009,tim,56
2009,purple,56
2009,blackandwhite,73
2009,stuyvesant,96
2009,hour,96
2009,drinks,65
2009,baseball,257
2009,trump,114
2009,anime,402
2009,4th,270
2009,moma,969
2009,factory,227
2009,motion,70
2009,george,88
2009,white,903
2009,wide,125
2009,marines,70
2009,silhouette,85
2009,pillowfightnyc2008,51
2009,hoboken,339
2009,wood,258
2009,naked,71
2009,pants,65
2009,parking,61
2009,howard,58
2009,blog,137
2009,noticings,56
2009,5,369
2009,trash,158
2009,cove,57
2009,aaron,53
2009,sony,75
2009,nbc,62
2009,nba,65
2009,anniversary,126
2009,schott,57
2009,musica,99
2009,sandwich,72
2009,grande,60
2009,thread,55
2009,windows,226
2009,bars,81
2009,art,6425
2009,arc,79
2009,are,57
2009,moving,60
2009,unlimited,59
2009,prop,51
2009,anna,54
2009,metro,161
2009,streetart,206
2009,herzog,306
2009,women,131
2009,crash,101
2009,york,49710
2009,sculpture,526
2009,centre,69
2009,waterfalls,125
2009,view,230
2009,violet,86
2009,wippel,295
2009,bbg,123
2009,bbq,287
2009,will,52
2009,vintage,148
2009,charetta,63
2009,sky,494
2009,ska,138
2009,empire,1216
2009,centralpark,187
2009,gay,675
2009,june,323
2012,yellow,66
2012,marching,252
2012,lumix,135
2012,second,53
2012,lgbt,55
2012,golden,103
2012,unis,200
2012,music,510
2012,glass,58
2012,bklyn,97
2012,centennial,55
2012,travel,557
2012,damage,82
2012,cameraphone,52
2012,financial,64
2012,cathedral,133
2012,tokina,59
2012,basketball,430
2012,lego,52
2012,tree,100
2012,project,256
2012,menu,90
2012,nature,92
2012,wtc,156
2012,and,461
2012,union,69
2012,life,87
2012,eastern,65
2012,east,919
2012,people,334
2012,for,182
2012,nova,154
2012,tournament,52
2012,sunset,105
2012,time,63
2012,veterans,59
2012,judaism,71
2012,subway,445
2012,sign,122
2012,greenpoint,104
2012,yards,87
2012,sky,133
2012,winter,421
2012,natural,153
2012,st,99
2012,years,59
2012,museo,63
2012,square,2472
2012,one,159
2012,open,65
2012,city,9177
2012,future,64
2012,borough,57
2012,zoo,55
2012,lawn,133
2012,sale,75
2012,madison,290
2012,hockey,178
2012,chrisgoldphoto,59
2012,skyline,314
2012,panasoniclumix,56
2012,west,796
2012,vacation,177
2012,canon,788
2012,summer,321
2012,traffic,52
2012,world,434
2012,divine,103
2012,911,85
2012,image,57
2012,october,113
2012,at,442
2012,to,267
2012,november,72
2012,staten,196
2012,autumn,176
2012,plant,69
2012,harbor,88
2012,kings,136
2012,saint,184
2012,2013inphotos,55
2012,crop,130
2012,graffiti,367
2012,brooklyn,3014
2012,river,498
2012,sea,159
2012,community,122
2012,church,204
2012,fire,54
2012,real,94
2012,elevated,73
2012,rangers,149
2012,spring,229
2012,welling,189
2012,bw,70
2012,sightseeing,60
2012,tasting,86
2012,occupy,106
2012,jewish,63
2012,line,1082
2012,us,595
2012,intrepid,302
2012,age,113
2012,train,154
2012,garden,1132
2012,eve,69
2012,ues,101
2012,bird,152
2012,les,71
2012,dmcg10,56
2012,blipfestival,211
2012,animals,58
2012,high,1169
2012,amerika,108
2012,morningside,119
2012,hawk,130
2012,2013,1314
2012,2012,5627
2012,festival,133
2012,chrisgoldphotos,64
2012,painting,57
2012,terminal,195
2012,autos,95
2012,cc,90
2012,2014,120
2012,vr,192
2012,pier,68
2012,zeiss,85
2012,construction,204
2012,places,60
2012,irish,129
2012,monday,154
2012,eos,174
2012,gardens,75
2012,bike,79
2012,broadway,756
2012,7th,460
2012,iphoneography,67
2012,microfourthirds,56
2012,ii,65
2012,memorial,362
2012,dumbo,86
2012,green,341
2012,japan,142
2012,band,314
2012,iorque,74
2012,comic,324
2012,40th,96
2012,dogs,65
2012,d7000,225
2012,jamaicensis,108
2012,de,100
2012,dx,175
2012,dt,61
2012,bushwick,174
2012,microfourthirdsmicro43,56
2012,ncaa,85
2012,con,308
2012,air,194
2012,sakura,118
2012,everett,66
2012,rail,106
2012,rain,71
2012,the,1227
2012,kale,56
2012,photo,705
2012,d800,128
2012,photographer,51
2012,night,1206
2012,columbus,112
2012,takes,270
2012,fight,53
2012,mta,153
2012,creative,106
2012,upper,354
2012,hoops,111
2012,market,140
2012,live,153
2012,towers,60
2012,car,201
2012,cab,53
2012,december,85
2012,chipmusic,111
2012,window,89
2012,hall,140
2012,january,107
2012,ed,86
2012,ef,68
2012,album,64
2012,space,356
2012,shows,122
2012,cars,215
2012,flowers,222
2012,america,1483
2012,fifth,191
2012,ground,92
2012,unidos,109
2012,concert,280
2012,3,70
2012,skyscraper,182
2012,nikon,876
2012,botanic,616
2012,chinatown,145
2012,orientation,55
2012,theater,134
2012,bagpipes,122
2012,taxi,75
2012,chiptune,116
2012,central,932
2012,verenigde,122
2012,comics,75
2012,pool,105
2012,building,772
2012,attribution,82
2012,d600,55
2012,streets,109
2012,arena,63
2012,history,179
2012,a,92
2012,evening,111
2012,food,389
2012,american,369
2012,station,253
2012,lic,82
2012,eater,107
2012,mobile,58
2012,rockefeller,214
2012,circle,77
2012,trees,115
2012,culture,186
2012,portrait,67
2012,web,126
2012,league,83
2012,battery,232
2012,alike,76
2012,grand,245
2012,cityscape,107
2012,five,198
2012,buteo,115
2012,march,237
2012,onesevenone,60
2012,nouhailler,143
2012,chelsea,489
2012,manhattan,4687
2012,365v3,55
2012,hudson,276
2012,camera,64
2012,zjednoczone,107
2012,halloween,196
2012,costume,100
2012,auto,234
2012,sandy,467
2012,times,1902
2012,quality,80
2012,long,240
2012,goldberg,56
2012,gallery,81
2012,state,507
2012,flickr,207
2012,police,69
2012,jersey,342
2012,conservancy,78
2012,party,293
2012,metlife,64
2012,reflection,69
2012,historic,63
2012,lincoln,81
2012,village,403
2012,library,124
2012,chrisgold,64
2012,freedom,121
2012,washington,132
2012,museum,1304
2012,north,281
2012,nycc,345
2012,friends,86
2012,protest,92
2012,asian,101
2012,plants,113
2012,commons,91
2012,japanese,188
2012,lights,168
2012,new,19178
2012,met,106
2012,chrysler,58
2012,newyorkcity,310
2012,county,132
2012,landscape,149
2012,waterfront,75
2012,murray,58
2012,side,527
2012,navy,149
2012,hook,86
2012,d7k,127
2012,modern,141
2012,dog,119
2012,points,229
2012,pointz,217
2012,coast,126
2012,bar,105
2012,architecture,599
2012,yorkville,71
2012,nowy,93
2012,metropolitan,349
2012,is,74
2012,in,191
2012,gothamist,727
2012,governors,117
2012,parade,328
2012,fireworks,86
2012,covers,107
2012,ship,63
2012,digital,82
2012,ville,59
2012,etats,200
2012,international,104
2012,staaten,83
2012,downtown,209
2012,nyc,9386
2012,nye,53
2012,may,283
2012,man,73
2012,group,52
2012,rock,173
2012,girl,160
2012,jackson,209
2012,sensor,100
2012,goth,63
2012,flatiron,98
2012,11,127
2012,10,52
2012,19,189
2012,18,715
2012,midtown,415
2012,theatre,70
2012,beta,61
2012,queens,588
2012,playoffs,154
2012,show,297
2012,black,269
2012,morning,101
2012,vereinigte,78
2012,august,66
2012,tour,102
2012,arts,91
2012,mark,93
2012,hdr,115
2012,4,137
2012,railroad,78
2012,jews,131
2012,boat,60
2012,island,504
2012,road,56
2012,nycc2012,240
2012,film,72
2012,field,58
2012,photos,139
2012,bowery,73
2012,fall,167
2012,zero,92
2012,chrisgoldny,64
2012,public,267
2012,ohny,68
2012,transit,302
2012,roosevelt,72
2012,share,99
2012,association,153
2012,house,86
2012,5th,193
2012,park,2053
2012,john,183
2012,fine,115
2012,stadium,109
2012,11th,72
2012,newyork,577
2012,aircraft,105
2012,blip12,100
2012,restaurant,184
2012,gay,131
2012,landmark,56
2012,apple,395
2012,cup,92
2012,big,530
2012,highline,117
2012,costumes,85
2012,vehicles,104
2012,mural,314
2012,astoria,127
2012,nypd,71
2012,tunnel,65
2012,williamsburg,304
2012,stock,96
2012,buildings,239
2012,y,54
2012,foodporn,70
2012,wedding,59
2012,bridges,57
2012,eua,58
2012,day,611
2012,february,156
2012,red,202
2012,yard,68
2012,south,222
2012,d90,227
2012,parks,75
2012,photography,819
2012,bear,55
2012,national,393
2012,cruise,57
2012,superheroes,51
2012,landmarks,57
2012,shuttle,127
2012,center,848
2012,university,141
2012,hurricane,345
2012,chris,80
2012,bus,51
2012,yelp,61
2012,original,94
2012,pride,83
2012,50mm,88
2012,school,220
2012,street,1851
2012,blue,130
2012,liberty,164
2012,museums,73
2012,jazzagelawnparty,64
2012,vacations,152
2012,mm,131
2012,estate,92
2012,candid,78
2012,harlem,62
2012,filter,240
2012,nhl,117
2012,toy,52
2012,top,118
2012,heights,373
2012,urban,632
2012,10th,201
2012,bridge,568
2012,fashion,61
2012,snow,152
2012,enterprise,135
2012,radio,55
2012,botanical,89
2012,estados,115
2012,365,118
2012,conference,233
2012,beer,91
2012,greenwich,176
2012,5d,120
2012,bands,148
2012,ice,129
2012,christmas,137
2012,guppy,124
2012,43rd,233
2012,nj,207
2012,ny,3084
2012,football,148
2012,focus,58
2012,greenmarket,53
2012,clouds,62
2012,cloudy,56
2012,water,205
2012,sports,191
2012,iphone,581
2012,msg,169
2012,states,2481
2012,ferry,145
2012,stream,531
2012,1,86
2012,birthday,140
2012,sept,62
2012,moma,228
2012,george,72
2012,district,155
2012,convention,61
2012,white,259
2012,microfourthirds43,56
2012,violet,117
2012,dining,99
2012,soho,100
2012,hoboken,192
2012,jazz,164
2012,trade,363
2012,signs,448
2012,college,103
2012,stanley,76
2012,cities,54
2012,color,260
2012,50d,59
2012,trip,404
2012,events,98
2012,week,74
2012,statue,164
2012,model,68
2012,tower,163
2012,matsuri,109
2012,on,131
2012,stany,107
2012,of,1581
2012,5,354
2012,flower,142
2012,chinese,102
2012,woman,160
2012,uws,53
2012,sony,98
2012,design,228
2012,devletleri,68
2012,nba,87
2012,sue,51
2012,ave,72
2012,court,219
2012,september,224
2012,avenue,1379
2012,hill,95
2012,storm,99
2012,store,167
2012,hotel,145
2012,7d,70
2012,skyscrapers,56
2012,windows,83
2012,asphalt,80
2012,art,1681
2012,cosplay,140
2012,flight,60
2012,jork,93
2012,panasonic,109
2012,lower,247
2012,capitals,83
2012,nueva,142
2012,plaza,98
2012,posters,57
2012,5pointz,58
2012,bryant,59
2012,capital,59
2012,streetart,149
2012,usa,2721
2012,usm,69
2012,uss,146
2012,united,2501
2012,light,191
2012,holiday,258
2012,studios,66
2012,york,18882
2012,nyias,105
2012,g,152
2012,juli,73
2012,july,217
2012,sculpture,165
2012,nikkor,195
2012,april,142
2012,wall,212
2012,bbg,159
2012,book,118
2012,james,147
2012,tumblr,81
2012,empire,333
2012,carrier,106
2012,weather,62
2012,ows,57
2012,june,1030
9000,new,89387
9000,york,88061
9000,nyc,46839
9000,city,37653
9000,manhattan,24301
9000,ny,16061
9000,brooklyn,14546
9000,usa,13336
9000,park,11654
9000,of,11148
9000,art,10320
9000,museum,8885
9000,united,8679
9000,street,8628
9000,states,8148
9000,the,7839
9000,square,7236
9000,america,5696
9000,central,5687
9000,2012,5627
9000,newyork,5091
9000,east,4703
9000,building,4575
9000,times,4403
9000,canon,4383
9000,gothamist,4269
9000,nikon,4103
9000,avenue,4023
9000,bridge,3976
9000,us,3893
9000,2010,3497
9000,island,3496
9000,music,3443
9000,night,3403
9000,center,3247
9000,state,3173
9000,west,3039
9000,photography,3017
9000,people,3013
9000,parade,3006
9000,2011,2980
9000,newyorkcity,2956
9000,show,2942
9000,garden,2933
9000,river,2926
9000,metropolitan,2901
9000,party,2863
9000,day,2842
9000,jersey,2804
9000,village,2792
9000,travel,2743
9000,2007,2636
9000,empire,2587
9000,midtown,2476
9000,live,2453
9000,side,2443
9000,queens,2415
9000,and,2400
9000,2009,2351
9000,apple,2314
9000,food,2296
9000,architecture,2296
9000,national,2295
9000,urban,2283
9000,high,2235
9000,line,2177
9000,big,2117
9000,liberty,2044
9000,skyline,1992
9000,2008,1976
9000,williamsburg,1970
9000,statue,1947
9000,historic,1935
9000,subway,1898
9000,broadway,1858
9000,photo,1753
9000,rock,1727
9000,hudson,1715
9000,wall,1699
9000,american,1694
9000,moma,1686
9000,upper,1676
9000,iphone,1673
9000,winter,1666
9000,band,1647
9000,met,1619
9000,concert,1605
9000,chelsea,1579
9000,landmark,1541
9000,world,1516
9000,trip,1481
9000,botanic,1480
9000,holiday,1459
9000,white,1436
9000,june,1432
9000,red,1426
9000,halloween,1425
9000,dog,1409
9000,history,1409
9000,rockefeller,1388
9000,grand,1383
9000,downtown,1371
9000,nueva,1347
9000,hall,1341
9000,christmas,1338
9000,black,1336
9000,long,1314
9000,2013,1314
9000,water,1263
9000,lower,1248
9000,places,1239
9000,pride,1236
9000,bar,1236
9000,heights,1225
9000,summer,1218
9000,comic,1215
9000,memorial,1192
9000,district,1188
9000,festival,1168
9000,sculpture,1168
9000,5th,1164
9000,public,1162
9000,eos,1161
9000,natural,1155
9000,church,1152
9000,snow,1145
9000,dumbo,1115
9000,for,1106
9000,station,1100
9000,design,1097
9000,vacation,1084
9000,john,1075
9000,skyscraper,1072
9000,madison,1056
9000,harlem,1055
9000,greenwich,1054
9000,gay,1040
9000,graffiti,1035
9000,green,1033
9000,ave,1012
9000,roller,1008
9000,modern,1007
9000,north,997
9000,register,987
9000,buildings,984
9000,sky,978
9000,july,971
9000,st,966
9000,spring,966
9000,auto,964
9000,derby,962
9000,japanese,961
9000,event,958
9000,japan,950
9000,tour,946
9000,soho,937
9000,2006,937
9000,light,936
9000,astoria,935
9000,trade,934
9000,nj,930
9000,restaurant,928
9000,portrait,916
9000,march,915
9000,occupy,912
9000,hotel,900
9000,birthday,898
9000,7th,871
9000,con,871
9000,in,857
9000,plaza,857
9000,store,854
9000,house,850
9000,bird,849
9000,lights,843
9000,friends,841
9000,battery,836
9000,thanksgiving,832
9000,girls,827
9000,blue,826
9000,color,818
9000,university,817
9000,chris,813
9000,union,803
9000,gotham,803
9000,monica,797
9000,signs,792
9000,sign,789
9000,culture,786
9000,wedding,781
9000,5,780
9000,to,771
9000,sunset,768
9000,chinatown,768
9000,school,762
9000,ferry,759
9000,costume,758
9000,south,747
9000,fall,728
9000,book,723
9000,flowers,718
9000,intrepid,716
9000,18,715
9000,hoboken,715
9000,sml,710
9000,nycc,707
9000,washington,703
9000,at,702
9000,rebel,701
9000,otto,697
9000,september,697
9000,yamamoto,695
9000,window,694
9000,marathon,690
9000,wtc,688
9000,on,679
9000,basketball,675
9000,top,674
9000,circle,673
9000,financial,671
9000,train,671
9000,cathedral,661
9000,daniel,658
9000,library,652
9000,man,651
9000,gallery,651
9000,punk,647
9000,market,645
9000,morningside,641
9000,space,638
9000,dogs,636
9000,woman,629
9000,flickr,629
9000,fifth,625
9000,project,624
9000,tree,622
9000,picture,619
9000,bryant,619
9000,nikkor,615
9000,pier,614
9000,life,613
9000,greenpoint,613
9000,international,613
9000,dance,612
9000,october,608
9000,terminal,607
9000,columbia,607
9000,painting,604
9000,girl,600
9000,artist,597
9000,construction,595
9000,county,594
9000,boat,594
9000,ice,593
9000,bike,591
9000,hawk,590
9000,digital,587
9000,conference,585
9000,bbq,583
9000,mark,569
9000,itp,569
9000,landscape,566
9000,gardens,566
9000,protest,560
9000,transit,560
9000,trees,557
9000,photograph,556
9000,image,550
9000,chrysler,549
9000,ii,546
9000,coast,544
9000,performance,542
9000,november,542
9000,tower,541
9000,theater,539
9000,buteo,539
9000,ows,539
9000,a,535
9000,hill,535
9000,stream,531
9000,may,530
9000,amerika,529
9000,jamaicensis,528
9000,football,528
9000,ellis,526
9000,landmarks,519
9000,fireworks,516
9000,mta,511
9000,view,511
9000,bowery,510
9000,bay,509
9000,skyscrapers,509
9000,staten,508
9000,car,507
9000,50mm,505
9000,11,505
9000,cover,498
9000,ground,496
9000,usm,494
9000,hook,493
9000,ggrd,493
9000,golden,492
9000,love,492
9000,fashion,487
9000,unidos,487
9000,bw,487
9000,mm,486
9000,nhl,484
9000,sports,482
9000,taxi,482
9000,me,481
9000,zero,480
9000,governors,478
9000,lounge,478
9000,ship,477
9000,estados,471
9000,autumn,471
9000,d90,470
9000,streetart,469
9000,sandy,467
9000,yellow,463
9000,foto,461
9000,fire,461
9000,december,459
9000,vr,458
9000,msg,457
9000,nrhp,453
9000,events,452
9000,police,452
9000,apartment,450
9000,community,448
9000,mural,447
9000,raw,446
9000,preservation,445
9000,april,445
9000,college,444
9000,bus,444
9000,reflection,442
9000,hdr,440
9000,bushwick,439
9000,time,439
9000,42nd,439
9000,d7000,437
9000,james,437
9000,radio,436
9000,club,436
9000,family,436
9000,dx,435
9000,nova,435
9000,5d,433
9000,sale,431
9000,divine,428
9000,photos,427
9000,studio,426
9000,commission,426
9000,sakura,424
9000,flower,423
9000,hockey,422
9000,saint,421
9000,open,419
9000,metal,418
9000,cars,416
9000,nyclpc,416
9000,kings,413
9000,sea,412
9000,goldberg,412
9000,hurricane,412
9000,lgbt,408
9000,nycpb,407
9000,streets,405
9000,anime,402
9000,chrisgoldny,399
9000,chrisgold,399
9000,chrisgoldphotos,399
9000,macys,397
9000,4th,397
9000,nyu,395
9000,album,394
9000,zoo,394
9000,matsuri,394
9000,clouds,391
9000,de,389
9000,theatre,389
9000,d80,389
9000,centralpark,388
9000,nypd,387
9000,is,386
9000,columbus,386
9000,port,386
9000,pool,386
9000,ef,382
9000,convention,382
9000,d50,381
9000,arts,381
9000,baseball,380
9000,flag,380
9000,martin,380
9000,costumes,380
9000,creative,378
9000,zuccotti,377
9000,prospect,376
9000,labor,372
9000,film,368
9000,barbecue,368
9000,365,366
9000,cruise,366
9000,eeuu,363
9000,february,363
9000,beer,361
9000,riverside,360
9000,nations,358
9000,glass,357
9000,chrisgoldphoto,356
9000,seaport,354
9000,aircraft,354
9000,guggenheim,351
9000,roosevelt,350
9000,bbg,350
9000,old,347
9000,points,346
9000,4,345
9000,hot,342
9000,air,342
9000,bronx,342
9000,crowd,341
9000,young,339
9000,fair,338
9000,highline,338
9000,2005,334
9000,12th,333
9000,snapshot,330
9000,10th,329
9000,bands,329
9000,tompkins,326
9000,roof,324
9000,army,323
9000,court,323
9000,lumix,322
9000,media,322
9000,cityscape,322
9000,ues,321
9000,van,321
9000,panasonic,319
9000,cup,319
9000,les,319
9000,model,318
9000,joe,318
9000,giants,317
9000,jackson,315
9000,eve,315
9000,one,314
9000,camera,314
9000,nyaf,314
9000,amnh,313
9000,chinese,313
9000,mobile,313
9000,dinner,311
9000,meatwave,311
9000,five,310
9000,waterfront,309
9000,windows,309
9000,cosplay,308
9000,fun,308
9000,frank,308
9000,war,307
9000,herzog,306
9000,d40,304
9000,factory,303
9000,tv,303
9000,men,301
9000,association,299
9000,tribeca,299
9000,cameraphone,298
9000,nature,298
9000,ohny,298
9000,animals,298
9000,beautiful,297
9000,colirrojo,296
9000,d300,296
9000,wippel,295
9000,mile,295
9000,mike,295
9000,navy,294
9000,hartwig,294
9000,staaten,291
9000,6th,289
9000,guitar,288
9000,ballroom,287
9000,web,287
9000,vereinigte,286
9000,nightlife,286
9000,authority,286
9000,uss,285
9000,jazz,284
9000,august,284
9000,harbor,284
9000,javits,283
9000,no,283
9000,flatiron,281
9000,institute,280
9000,pointz,279
9000,installation,279
9000,blipfestival,279
9000,celebration,278
9000,esb,278
9000,rocks,277
9000,david,277
9000,cab,276
9000,2,276
9000,eua,276
9000,general,275
9000,un,275
9000,sunday,272
9000,morning,272
9000,curbed,272
9000,50d,271
9000,takes,270
9000,ed,269
9000,i,269
9000,rain,268
9000,cat,267
9000,stars,264
9000,lic,264
9000,iorque,263
9000,pizza,262
9000,powershot,262
9000,plants,262
9000,election,261
9000,lincoln,261
9000,traffic,260
9000,g,260
9000,carrier,259
9000,covers,258
9000,wood,258
9000,af,258
9000,obama,256
9000,1,256
9000,hope,255
9000,bedford,254
9000,eater,254
9000,sony,253
9000,rangers,253
9000,marching,252
9000,years,252
9000,neon,252
9000,orange,252
9000,moblog,252
9000,all,249
9000,glory,249
9000,museums,248
9000,shows,247
9000,road,247
9000,independence,246
9000,greene,246
9000,walk,246
9000,league,245
9000,office,243
9000,michael,243
9000,bombshells,242
9000,block,242
9000,cisc1970,241
9000,filter,240
9000,stadium,240
9000,nycc2012,240
9000,metro,240
9000,commons,239
9000,place,239
9000,week,238
9000,holidays,238
9000,marriage,235
9000,screen,234
9000,jeff,234
9000,43rd,233
9000,field,233
9000,lee,233
9000,tunnel,232
9000,stock,231
9000,highway,230
9000,xti,229
9000,george,229
9000,sun,229
9000,10d,228
9000,tom,227
9000,phone,226
9000,fountain,226
9000,parkside,226
9000,orientation,225
9000,plant,225
9000,go,225
9000,down,224
9000,crop,223
9000,uptown,222
9000,houston,222
9000,by,221
9000,irish,221
9000,cafe,220
9000,9,217
9000,macro,216
9000,911,216
9000,dimaggio,215
9000,sigma,215
9000,atlantic,215
9000,head,214
9000,ing,214
9000,future,213
9000,original,213
9000,with,212
9000,monument,212
9000,450d,211
9000,wftda,210
9000,candid,209
9000,free,207
9000,la,207
9000,second,206
9000,blog,206
9000,d7k,205
9000,pain,205
9000,meat,204
9000,kitchen,204
9000,evening,204
9000,storm,204
9000,project365,204
9000,news,203
9000,fight,203
9000,january,203
9000,indian,203
9000,violet,203
9000,40th,201
9000,colorful,201
9000,unis,200
9000,post,200
9000,etats,200
9000,timessquare,200
9000,social,200
9000,trump,198
9000,lady,198
9000,egyptian,197
9000,cornerstone,196
9000,shop,196
9000,our,196
9000,concerts,196
9000,slope,195
9000,xsi,195
9000,t2i,194
9000,work,193
9000,freedom,193
9000,cornerstones,192
9000,chipmusic,191
9000,knitting,191
9000,mccarren,191
9000,rail,190
9000,rally,190
9000,richmond,190
9000,cornerstonesnewyork,190
9000,room,189
9000,19,189
9000,lawn,189
9000,welling,189
9000,7,188
9000,30,188
9000,star,188
9000,matt,186
9000,skating,186
9000,mary,185
9000,cmj,184
9000,display,184
9000,wind,183
9000,pink,183
9000,cornerstonesny,183
9000,d700,182
9000,amsterdam,181
9000,coolpix,181
9000,nye,181
9000,stripes,181
9000,bull,181
9000,gtrainwedding,180
9000,town,180
9000,hoops,179
9000,terrace,179
9000,richard,179
9000,webster,178
9000,sensor,178
9000,jets,178
9000,shrunken,178
9000,cuban,177
9000,blizzard,177
9000,timothy,176
9000,botanical,175
9000,delviscio,175
9000,obon,175
9000,rooftop,173
9000,sexy,173
9000,indie,172
9000,comicon,172
9000,banner,172
9000,borroughs,172
9000,weather,172
9000,11th,171
9000,rainbow,171
9000,sigma18200,170
9000,polo,170
9000,game,170
9000,yankees,169
9000,occupywallstreet,169
9000,politics,169
9000,group,169
9000,vogel,168
9000,picnik,168
9000,d200,167
9000,year,167
9000,asian,166
9000,you,166
9000,fine,166
9000,shopping,165
9000,metropolitanmuseumofart,165
9000,baby,165
9000,craft,164
9000,3,164
9000,27,164
9000,k800i,164
9000,gridlock,163
9000,peter,163
9000,karaoke,162
9000,vanderbilt,162
9000,parks,162
9000,comics,161
9000,foodporn,161
9000,40d,160
9000,brick,160
9000,posters,160
9000,ncaa,160
9000,photographer,159
9000,olol,159
9000,advertising,159
9000,dj,158
9000,steve,158
9000,trash,158
9000,fort,157
9000,400d,157
9000,walking,157
9000,gowanus,157
9000,santa,157
9000,days,156
9000,television,156
9000,thomas,156
9000,cherry,155
9000,civil,155
9000,borough,155
9000,etsy,155
9000,paul,155
9000,musicians,154
9000,playoffs,154
9000,monday,154
9000,vacations,152
9000,murray,152
9000,little,152
9000,nba,152
9000,railroad,151
9000,cream,151
9000,portraits,150
9000,beta,150
9000,ocean,149
9000,panorama,149
9000,85mm,149
9000,magazine,149
9000,museo,149
9000,icff,149
9000,viajes,148
9000,meatpacking,148
9000,vintage,148
9000,guesswherenyc,147
9000,action,147
9000,8,147
9000,cooking,146
9000,sarah,146
9000,aerial,146
9000,dock,146
9000,brookly,145
9000,uws,145
9000,monicamuller,145
9000,flags,145
9000,lake,145
9000,mercury,143
9000,colors,143
9000,vilage,143
9000,nbc,143
9000,clock,143
9000,nouhailler,143
9000,2004,143
9000,engagement,142
9000,kennedy,142
9000,change,142
9000,angle,142
9000,34th,141
9000,17,141
9000,exchange,141
9000,mayhem,140
9000,lexington,140
9000,th,140
9000,bicycle,139
9000,dolphin,139
9000,d70,139
9000,docks,139
9000,pub,139
9000,run,139
9000,iphoneography,139
9000,retriever,139
9000,improv,138
9000,frisket,138
9000,ska,138
9000,exhibition,138
9000,heart,138
9000,greek,137
9000,juvenile,137
9000,peeps,137
9000,hat,136
9000,sidewalk,136
9000,35mm,136
9000,brenda,136
9000,tokina,135
9000,enterprise,135
9000,xmas,135
9000,emily,135
9000,foundry,135
9000,alvaro,135
9000,jc,134
9000,quintana,134
9000,flora,133
9000,living,133
9000,opera,132
9000,towers,132
9000,weekend,132
9000,50th,132
9000,french,131
9000,contemporary,131
9000,jews,131
9000,women,131
9000,fisheye,130
9000,w,130
9000,annual,130
9000,exposure,130
9000,dc,129
9000,leaves,129
9000,cooper,129
9000,transportation,129
9000,awesome,129
9000,rose,129
9000,7d,129
9000,projects,129
9000,scene,129
9000,blur,128
9000,best,128
9000,d800,128
9000,chapel,127
9000,shuttle,127
9000,49th,127
9000,pork,127
9000,truck,127
9000,10,126
9000,anniversary,126
9000,video,126
9000,coffee,125
9000,wide,125
9000,gates,125
9000,colbert,125
9000,waterfalls,125
9000,guppy,124
9000,taylor,124
9000,chicago,124
9000,elevated,124
9000,lesbian,123
9000,nycguessed,123
9000,pilar,123
9000,bagpipes,122
9000,verenigde,122
9000,cloudy,121
9000,manhatten,121
9000,wallstreet,121
9000,fulton,120
9000,king,120
9000,nick,120
9000,2014,120
9000,metlife,120
9000,usa06,119
9000,christopher,119
9000,students,119
9000,alone,119
9000,yard,119
9000,photobooth,118
9000,civic,118
9000,soccer,118
9000,performers,118
9000,giant,118
9000,lx3,118
9000,fdny,118
9000,female,118
9000,jenny,118
9000,earth,117
9000,eastern,117
9000,gigi4791,117
9000,photojournalism,117
9000,honeymoon,116
9000,smilebooth,116
9000,moosehead,116
9000,chiptune,116
9000,wine,115
9000,fledgling,115
9000,heritage,114
9000,society,114
9000,out,114
9000,deli,113
9000,shoes,113
9000,eliasson,113
9000,puppy,113
9000,age,113
9000,5pointz,113
9000,random,112
9000,mma,112
9000,outdoors,112
9000,x,112
9000,peace,112
9000,stati,112
9000,home,112
9000,tourist,111
9000,deitch,111
9000,from,111
9000,animal,111
9000,uniti,111
9000,kristin,111
9000,stone,110
9000,aiga,109
9000,lodge,109
9000,meadowlands,109
9000,happy,109
9000,figment,109
9000,hands,109
9000,sox,108
9000,olafur,107
9000,themet,107
9000,stany,107
9000,christo,107
9000,paint,107
9000,restaurants,107
9000,zjednoczone,107
9000,dark,106
9000,toys,106
9000,architects,106
9000,security,105
9000,typography,105
9000,philadelphia,105
9000,sue,105
9000,performances,105
9000,santacon,105
9000,power,105
9000,nyias,105
9000,8th,105
9000,shadow,104
9000,can,104
9000,g11,104
9000,steven,104
9000,vehicles,104
9000,wayne,103
9000,sunglasses,103
9000,series,102
9000,dave,102
9000,lens,102
9000,aia150,102
9000,concrete,102
9000,cute,101
9000,charlotte,101
9000,dancing,101
9000,28th,101
9000,temple,101
9000,lines,101
9000,crash,101
9000,estats,100
9000,children,100
9000,blip12,100
9000,clinton,100
9000,newmindspace,100
9000,units,100
9000,jack,99
9000,rarrr,99
9000,dining,99
9000,share,99
9000,musica,99
9000,iphoto,99
9000,chimney,99
9000,boston,99
9000,brownstone,99
9000,we,98
9000,tennis,98
9000,ciudad,98
9000,custom,98
9000,dwhartwig,98
9000,l,97
9000,bklyn,97
9000,door,97
9000,galapagos,97
9000,runway,97
9000,cake,97
9000,cuisine,96
9000,smith,96
9000,shoot,96
9000,stuyvesant,96
9000,hour,96
9000,757,96
9000,department,96
9000,fixed,96
9000,pic,96
9000,my,95
9000,together,95
9000,ssir,95
9000,awards,95
9000,technology,95
9000,pretty,95
9000,sweet,95
9000,autos,95
9000,tuesday,95
9000,s50,94
9000,el,94
9000,real,94
9000,20th,94
9000,up,94
9000,challenge,94
9000,nowy,93
9000,t1i,93
9000,jork,93
9000,egypt,93
9000,jellynyc,93
9000,class,93
9000,estate,92
9000,deco,92
9000,marine,92
9000,marc,92
9000,fitsum,92
9000,movement,92
9000,xpo,92
9000,face,92
9000,business,91
9000,500d,91
9000,fans,91
9000,couple,91
9000,bk,91
9000,william,91
9000,ancient,91
9000,military,90
9000,piers,90
9000,santarchy,90
9000,menu,90
9000,sunnyside,90
9000,eastvillage,90
9000,cc,90
9000,adam,90
9000,fish,90
9000,piano,90
9000,kids,89
9000,rights,89
9000,voyage,89
9000,birds,89
9000,yeah,89
9000,dessert,89
9000,tourism,88
9000,pillow,88
9000,28,88
9000,bride,88
9000,showcase,88
9000,musician,88
9000,nfl,88
9000,seth,88
9000,vacaciones,87
9000,yards,87
9000,vote,87
9000,pacific,87
9000,blackout,87
9000,semester,87
9000,drunk,87
9000,point,87
9000,flatbush,87
9000,knight,87
9000,presidential,87
9000,linda,87
9000,dusk,87
9000,livemusic,86
9000,president,86
9000,crew,86
9000,economy,86
9000,tasting,86
9000,plays,86
9000,good,85
9000,equality,85
9000,silhouette,85
9000,allison,85
9000,mayes,85
9000,drive,85
9000,mccain,85
9000,bagwell,85
9000,brown,85
9000,panoramic,85
9000,hard,85
9000,italy,85
9000,zombie,85
9000,immigration,85
9000,zeiss,85
9000,eat,85
9000,shadows,84
9000,g5,84
9000,abandoned,84
9000,gothic,84
9000,closeup,83
9000,jacob,83
9000,henry,83
9000,farley,83
9000,cane,83
9000,d60,83
9000,dress,83
9000,emry,83
9000,underground,83
9000,sex,83
9000,composition,83
9000,capitals,83
9000,umbrella,83
9000,gear,83
9000,damage,82
9000,kelly,82
9000,kyle,82
9000,dead,82
9000,attribution,82
9000,company,82
9000,easter,82
9000,wildlife,82
9000,journalist,82
9000,mlb,81
9000,study,81
9000,fortgreene,81
9000,lightroom,81
9000,gwnyc,81
9000,cold,81
9000,pop,81
9000,fence,81
9000,bars,81
9000,tumblr,81
9000,happiness,81
9000,queer,80
9000,contrast,80
9000,eden,80
9000,radical,80
9000,roman,80
9000,jason,80
9000,asphalt,80
9000,great,80
9000,faeries,80
9000,quality,80
9000,local,80
9000,hospital,79
9000,vinciane,79
9000,50,79
9000,verguethen,79
9000,flash,79
9000,andy,79
9000,sq,79
9000,ps1,79
9000,arc,79
9000,facade,79
9000,be,79
9000,homemade,79
9000,ge,79
9000,mariage,79
9000,joy,79
9000,beach,78
9000,bank,78
9000,mccarrenpool,78
9000,irene,78
9000,pro,78
9000,daily,78
9000,prime,78
9000,inspired,78
9000,sara,78
9000,conservancy,78
9000,journalism,78
9000,guessed,77
9000,cool,77
9000,lunch,77
9000,slam,77
9000,rocknroll,77
9000,qns,77
9000,essex,77
9000,male,77
9000,scott,77
9000,todd,77
9000,gardening,77
9000,explore,77
9000,playground,77
9000,housing,77
9000,demonstration,77
9000,rouge,77
9000,makerbot,77
9000,valentines,76
9000,corps,76
9000,cheese,76
9000,rink,76
9000,stanley,76
9000,middle,76
9000,actress,76
9000,wfmu,76
9000,retrievers,76
9000,aveb,76
9000,castle,76
9000,alike,76
9000,canal,76
9000,patricks,75
9000,foundation,75
9000,handmade,75
9000,9th,75
9000,fauna,75
9000,signage,75
9000,reading,75
9000,sound,75
9000,imagine,75
9000,anthony,75
9000,walker,75
9000,3g,75
9000,your,75
9000,decay,75
9000,ccny,74
9000,manga,74
9000,broadcast,74
9000,verdi,74
9000,photowalk,74
9000,patrick,74
9000,blues,74
9000,famous,74
9000,poster,74
9000,puerto,74
9000,exhibit,74
9000,fest,74
9000,mansion,73
9000,they,73
9000,industrial,73
9000,don,73
9000,couture,73
9000,african,73
9000,s,73
9000,juli,73
9000,blackandwhite,73
9000,magnolia,73
9000,blossom,73
9000,paintings,73
9000,democracy,73
9000,kicks,73
9000,105,72
9000,musique,72
9000,low,72
9000,cbs,72
9000,pond,72
9000,sandwich,72
9000,lighting,72
9000,maxwells,72
9000,depth,72
9000,gt,72
9000,httpcornerstonestumblrcom,72
9000,le,72
9000,bokeh,72
9000,bench,72
9000,14th,72
9000,yorkville,71
9000,viagem,71
9000,razak,71
9000,nyaf2009,71
9000,naked,71
9000,workshop,71
9000,drums,71
9000,nyc2006,71
9000,judaism,71
9000,electric,71
9000,switzerland,71
9000,packing,71
9000,armory,71
9000,google,71
9000,nyse,71
9000,powershotsd950,70
9000,human,70
9000,cnn,70
9000,clothing,70
9000,motion,70
9000,that,70
9000,marines,70
9000,mashable,70
9000,might,70
9000,botany,70
9000,folk,70
9000,iron,70
9000,dslr,70
9000,uploaded,70
9000,pictures,70
9000,dinosaurs,69
9000,sled,69
9000,primavera,69
9000,singer,69
9000,camp,69
9000,eatery,69
9000,running,69
9000,abc,69
9000,play,69
9000,clear,69
9000,boots,69
9000,glee,69
9000,centre,69
9000,cellphone,69
9000,pattern,69
9000,fighting,69
9000,boats,68
9000,arch,68
9000,deck,68
9000,sushi,68
9000,abstract,68
9000,anonymous,68
9000,1st,68
9000,map,68
9000,angel,68
9000,bergen,68
9000,devletleri,68
9000,urlaub,68
9000,crane,68
9000,dof,68
9000,brian,68
9000,clintonhill,68
9000,cma,67
9000,stewart,67
9000,fowd,67
9000,character,67
9000,caliper,67
9000,illustration,67
9000,classic,67
9000,socrates,67
9000,balloon,67
9000,rated,67
9000,americas,67
9000,tiltviewer,67
9000,reise,67
9000,sunny,67
9000,colour,67
9000,steel,67
9000,45,67
9000,alex,66
9000,everett,66
9000,box,66
9000,sudduth,66
9000,andrew,66
9000,same,66
9000,money,66
9000,metmuseum,66
9000,dinosaur,66
9000,hackathon,66
9000,stairs,66
9000,howl,66
9000,studios,66
9000,waldorf,66
9000,canon70200f4l,66
9000,reenactment,65
9000,2nd,65
9000,waterfall,65
9000,super,65
9000,reception,65
9000,ballet,65
9000,drinks,65
9000,rutherford,65
9000,carnival,65
9000,breakfast,65
9000,pants,65
9000,ross,65
9000,neighborhood,65
9000,b,65
9000,gramercy,65
9000,republican,65
9000,activism,65
9000,nolita,65
9000,brunt,65
9000,delancey,64
9000,jazzagelawnparty,64
9000,campaign,64
9000,supporters,64
9000,sullivan,64
9000,croftonbloghouse,64
9000,fox,64
9000,mela,64
9000,matters2me,64
9000,poisson,64
9000,graphic,64
9000,mac,64
9000,mad,64
9000,regina,64
9000,moon,64
9000,blip11,64
9000,netneutrality,64
9000,control,64
9000,comedy,64
9000,ben,64
9000,cross,64
9000,ball,64
9000,drink,64
9000,network,63
9000,gop,63
9000,zagat,63
9000,historical,63
9000,country,63
9000,physical,63
9000,movie,63
9000,wkc2010,63
9000,goth,63
9000,price,63
9000,shot,63
9000,assembly,63
9000,24th,63
9000,arena,63
9000,rican,63
9000,hastings,63
9000,jewish,63
9000,titi,63
9000,westminsterkennelclub,63
9000,poppins,63
9000,books,63
9000,dorothy,63
9000,charetta,63
9000,dogshow,63
9000,williams,62
9000,maria,62
9000,report,62
9000,sept,62
9000,snowpocalypse,62
9000,democrat,62
9000,queensboro,62
9000,tribute,62
9000,science,62
9000,mirror,62
9000,fresh,62
9000,ipod,62
9000,dirty,62
9000,italian,62
9000,twitter,62
9000,hair,62
9000,vegetables,62
9000,foliage,61
9000,ceremony,61
9000,lab,61
9000,victory,61
9000,rai,61
9000,dt,61
9000,vendor,61
9000,wright,61
9000,crazy,61
9000,eagle,61
9000,eyes,61
9000,corner,61
9000,picnic,61
9000,parking,61
9000,vacances,61
9000,poll,61
9000,groom,61
9000,recreation,61
9000,3d,61
9000,molly,61
9000,jon,61
9000,ballot,61
9000,yelp,61
9000,hand,60
9000,revival,60
9000,masons,60
9000,alice,60
9000,diner,60
9000,viaje,60
9000,onesevenone,60
9000,british,60
9000,stages,60
9000,wolf,60
9000,parties,60
9000,grande,60
9000,ipad,60
9000,europa,60
9000,flight,60
9000,moving,60
9000,decision,60
9000,3wny,60
9000,sightseeing,60
9000,results,60
9000,this,60
9000,boxing,60
9000,fear,60
9000,saturday,59
9000,governorsisland,59
9000,meets,59
9000,mckim,59
9000,jones,59
9000,veterans,59
9000,oldham,59
9000,not,59
9000,alli,59
9000,computing,59
9000,furniture,59
9000,60d,59
9000,crafts,59
9000,ville,59
9000,physcomp,59
9000,funny,59
9000,unlimited,59
9000,spektor,59
9000,pet,59
9000,capital,59
9000,next,59
9000,drawing,59
9000,bowling,59
9000,artists,59
9000,botanicalgardens,59
9000,squirrel,59
9000,person,58
9000,chocolate,58
9000,card,58
9000,mom,58
9000,howard,58
9000,smile,58
9000,focus,58
9000,storefront,58
9000,self,58
9000,reflections,58
9000,unitedstates,58
9000,roccocell,58
9000,barack,58
9000,boys,58
9000,leica,58
9000,cw,58
9000,yahoo,57
9000,ward,57
9000,london,57
9000,coding,57
9000,never,57
9000,china,57
9000,roll,57
9000,vegan,57
9000,3rd,57
9000,friend,57
9000,interior,57
9000,cyberhead,57
9000,texture,57
9000,los,57
9000,cove,57
9000,motorcycle,57
9000,schott,57
9000,gold,57
9000,faces,57
9000,are,57
9000,grant,57
9000,cedar,57
9000,politic,57
9000,cloud,57
9000,zip,57
9000,korean,57
9000,bridges,57
9000,lifestyle,57
9000,hackny,57
9000,poolparty,56
9000,pillowfight,56
9000,alphabet,56
9000,warm,56
9000,law,56
9000,production,56
9000,roast,56
9000,delicious,56
9000,microfourthirdsmicro43,56
9000,beef,56
9000,make,56
9000,kale,56
9000,microfourthirds,56
9000,billboard,56
9000,purple,56
9000,yummy,56
9000,weird,56
9000,suspension,56
9000,looking,56
9000,microfourthirds43,56
9000,tim,56
9000,banksy,56
9000,grass,56
9000,carnegie,56
9000,cosplayer,56
9000,blood,56
9000,reservoir,56
9000,noticings,56
9000,panasoniclumix,56
9000,dmcg10,56
9000,native,56
9000,catholic,56
9000,bagel,56
9000,nuevayork,56
9000,pig,56
9000,2013inphotos,55
9000,professor,55
9000,masonic,55
9000,strawberry,55
9000,ad,55
9000,d600,55
9000,larryosan,55
9000,seagull,55
9000,thread,55
9000,fruit,55
9000,centennial,55
9000,unionsquare,55
9000,365v3,55
9000,flea,55
9000,geometry,55
9000,bear,55
9000,ucb,55
9000,musuem,55
9000,inspiration,55
9000,poolparties,54
9000,d70s,54
9000,goodman,54
9000,rockfeller,54
9000,cities,54
9000,canon10d,54
9000,ladies,54
9000,celebrity,54
9000,numbers,54
9000,bloom,54
9000,photoshop,54
9000,24,54
9000,set,54
9000,anna,54
9000,remix,54
9000,queen,54
9000,wave,54
9000,y,54
9000,chicken,54
9000,chalk,54
9000,education,54
9000,buddhist,54
9000,stage,54
9000,end,53
9000,mind,53
9000,dilworth,53
9000,vendy,53
9000,greenmarket,53
9000,brookyln,53
9000,cole,53
9000,hub,53
9000,cycling,53
9000,table,53
9000,thursday,53
9000,aaron,53
9000,yaffa,53
9000,heavy,53
9000,horse,53
9000,promenade,53
9000,iconnicholson,53
9000,graduation,53
9000,chang,53
9000,charity,53
9000,xurde,53
9000,dishes,53
9000,envy,53
9000,gwenflickr,53
9000,j,53
9000,westcoast,52
9000,hero,52
9000,lego,52
9000,sleeps,52
9000,maya,52
9000,pavilion,52
9000,tournament,52
9000,usmc,52
9000,agosto,52
9000,first,52
9000,stained,52
9000,toy,52
9000,will,52
9000,handheld,52
9000,swiss,52
9000,wii,52
9000,tourists,52
9000,jam,52
9000,bergdorf,52
9000,dow,51
9000,irving,51
9000,plasma,51
9000,interestingness,51
9000,designer,51
9000,finance,51
9000,monochrome,51
9000,pillowfightnyc2008,51
9000,volkswagen,51
9000,two,51
9000,flat,51
9000,service,51
9000,30mm,51
9000,prop,51
9000,e,51
9000,atlas,51
9000,kitty,51
9000,bakery,51
9000,glasses,51
9000,charles,51
9000,denise,51
9000,outsider,51
9000,superheroes,51